{
  "results": [
    {
      "tool": "HDC Sparse System",
      "accuracy": 1.0,
      "avg_inference_ms": 283.1470489501953,
      "train_time_ms": 41609.94100570679,
      "memory_mb": 3.4584531784057617,
      "test_cases": 5
    },
    {
      "tool": "N-gram (n=3)",
      "accuracy": 1.0,
      "avg_inference_ms": 0.024557113647460938,
      "train_time_ms": 0.13947486877441406,
      "memory_mb": 0.0012350082397460938,
      "test_cases": 5
    },
    {
      "tool": "N-gram (n=5)",
      "accuracy": 0.4,
      "avg_inference_ms": 0.008535385131835938,
      "train_time_ms": 0.05626678466796875,
      "memory_mb": 0.0003528594970703125,
      "test_cases": 5
    },
    {
      "tool": "Jedi (Python)",
      "accuracy": 0.0,
      "avg_inference_ms": 0.00095367431640625,
      "train_time_ms": 0.0030994415283203125,
      "memory_mb": 0.0,
      "test_cases": 5
    }
  ],
  "summary": {
    "best_accuracy": "HDC Sparse System",
    "best_speed": "Jedi (Python)",
    "best_memory": "Jedi (Python)"
  }
}