{
  "best_accuracy": {
    "config": {
      "context_window": 3,
      "rare_token_threshold": 1,
      "top_k": 1
    },
    "config_str": "K=3, rare=1, top_k=1",
    "avg_accuracy": 0.46875,
    "avg_speed": 279.9334501226743,
    "min_accuracy": 0.0,
    "max_speed": 888.4996771812439,
    "accuracy_std": 0.31093357409581873,
    "speed_std": 353.9606633029899
  },
  "best_speed": {
    "config": {
      "context_window": 7,
      "rare_token_threshold": 2,
      "top_k": 5
    },
    "config_str": "K=7, rare=2, top_k=5",
    "avg_accuracy": 0.46875,
    "avg_speed": 198.17817211151123,
    "min_accuracy": 0.0,
    "max_speed": 587.1002376079559,
    "accuracy_std": 0.31093357409581873,
    "speed_std": 226.98862325472794
  },
  "best_balanced": {
    "config": {
      "context_window": 7,
      "rare_token_threshold": 2,
      "top_k": 5
    },
    "config_str": "K=7, rare=2, top_k=5",
    "avg_accuracy": 0.46875,
    "avg_speed": 198.17817211151123,
    "min_accuracy": 0.0,
    "max_speed": 587.1002376079559,
    "accuracy_std": 0.31093357409581873,
    "speed_std": 226.98862325472794
  },
  "best_robust": {
    "config": {
      "context_window": 3,
      "rare_token_threshold": 1,
      "top_k": 1
    },
    "config_str": "K=3, rare=1, top_k=1",
    "avg_accuracy": 0.46875,
    "avg_speed": 279.9334501226743,
    "min_accuracy": 0.0,
    "max_speed": 888.4996771812439,
    "accuracy_std": 0.31093357409581873,
    "speed_std": 353.9606633029899
  },
  "total_configurations_tested": 210,
  "domains_tested": [
    "code_completion",
    "classification",
    "pattern_matching",
    "qa"
  ]
}